id,link
0,https://www.laendleimmo.at/immobilien/wohnung/allgemein/vorarlberg/bludenz/171735?searchPageNumber=1
1,https://www.laendleimmo.at/immobilien/wohnung/dachgeschosswohnung/vorarlberg/bludenz/149753?searchPageNumber=1
2,https://www.laendleimmo.at/immobilien/wohnung/allgemein/vorarlberg/bludenz/169061?searchPageNumber=1
3,https://www.laendleimmo.at/immobilien/wohnung/allgemein/vorarlberg/bregenz/166231?searchPageNumber=1
4,https://www.laendleimmo.at/immobilien/wohnung/allgemein/vorarlberg/dornbirn/162302?searchPageNumber=1
5,https://www.laendleimmo.at/immobilien/wohnung/allgemein/vorarlberg/feldkirch/172064?searchPageNumber=1
6,https://www.laendleimmo.at/immobilien/wohnung/allgemein/vorarlberg/dornbirn/170845?searchPageNumber=1
7,https://www.laendleimmo.at/immobilien/wohnung/allgemein/vorarlberg/dornbirn/167071?searchPageNumber=1
8,https://www.laendleimmo.at/immobilien/wohnung/allgemein/vorarlberg/dornbirn/61486?searchPageNumber=1
9,https://www.laendleimmo.at/immobilien/wohnung/allgemein/vorarlberg/bregenz/171106?searchPageNumber=1
10,https://www.laendleimmo.at/immobilien/wohnung/allgemein/vorarlberg/feldkirch/168005?searchPageNumber=1
11,https://www.laendleimmo.at/immobilien/wohnung/allgemein/vorarlberg/bregenz/164830?searchPageNumber=1
12,https://www.laendleimmo.at/immobilien/wohnung/allgemein/vorarlberg/bregenz/164528?searchPageNumber=1
13,https://www.laendleimmo.at/immobilien/wohnung/allgemein/vorarlberg/bludenz/162929?searchPageNumber=1
14,https://www.laendleimmo.at/immobilien/wohnung/allgemein/vorarlberg/bludenz/155632?searchPageNumber=1
15,https://www.laendleimmo.at/immobilien/wohnung/allgemein/vorarlberg/dornbirn/146371?searchPageNumber=2
16,https://www.laendleimmo.at/immobilien/wohnung/allgemein/vorarlberg/dornbirn/58596?searchPageNumber=2
17,https://www.laendleimmo.at/immobilien/wohnung/allgemein/vorarlberg/dornbirn/173276?searchPageNumber=2
18,https://www.laendleimmo.at/immobilien/wohnung/allgemein/vorarlberg/feldkirch/172869?searchPageNumber=2
19,https://www.laendleimmo.at/immobilien/wohnung/allgemein/vorarlberg/feldkirch/172223?searchPageNumber=2
20,https://www.laendleimmo.at/immobilien/wohnung/allgemein/vorarlberg/feldkirch/172052?searchPageNumber=2
21,https://www.laendleimmo.at/immobilien/wohnung/allgemein/vorarlberg/feldkirch/171332?searchPageNumber=2
22,https://www.laendleimmo.at/immobilien/wohnung/allgemein/vorarlberg/dornbirn/170884?searchPageNumber=2
23,https://www.laendleimmo.at/immobilien/wohnung/allgemein/vorarlberg/dornbirn/170631?searchPageNumber=2
24,https://www.laendleimmo.at/immobilien/wohnung/dachgeschosswohnung/vorarlberg/bregenz/170907?searchPageNumber=2
25,https://www.laendleimmo.at/immobilien/wohnung/maisonette/vorarlberg/dornbirn/170248?searchPageNumber=2
26,https://www.laendleimmo.at/immobilien/wohnung/allgemein/vorarlberg/bludenz/170239?searchPageNumber=2
27,https://www.laendleimmo.at/immobilien/wohnung/allgemein/vorarlberg/feldkirch/170050?searchPageNumber=2
28,https://www.laendleimmo.at/immobilien/wohnung/terrassenwohnung/vorarlberg/dornbirn/170049?searchPageNumber=2
29,https://www.laendleimmo.at/immobilien/wohnung/dachgeschosswohnung/vorarlberg/feldkirch/170046?searchPageNumber=2
30,https://www.laendleimmo.at/immobilien/wohnung/dachgeschosswohnung/vorarlberg/bregenz/170037?searchPageNumber=3
31,https://www.laendleimmo.at/immobilien/wohnung/allgemein/vorarlberg/bregenz/170036?searchPageNumber=3
32,https://www.laendleimmo.at/immobilien/wohnung/allgemein/vorarlberg/bregenz/170033?searchPageNumber=3
33,https://www.laendleimmo.at/immobilien/wohnung/allgemein/vorarlberg/bregenz/168964?searchPageNumber=3
34,https://www.laendleimmo.at/immobilien/wohnung/allgemein/vorarlberg/feldkirch/168090?searchPageNumber=3
35,https://www.laendleimmo.at/immobilien/wohnung/allgemein/vorarlberg/feldkirch/167539?searchPageNumber=3
36,https://www.laendleimmo.at/immobilien/wohnung/allgemein/vorarlberg/dornbirn/167536?searchPageNumber=3
37,https://www.laendleimmo.at/immobilien/wohnung/dachgeschosswohnung/vorarlberg/feldkirch/166753?searchPageNumber=3
38,https://www.laendleimmo.at/immobilien/wohnung/allgemein/vorarlberg/dornbirn/165466?searchPageNumber=3
39,https://www.laendleimmo.at/immobilien/wohnung/allgemein/vorarlberg/dornbirn/164212?searchPageNumber=3
40,https://www.laendleimmo.at/immobilien/wohnung/allgemein/vorarlberg/feldkirch/161105?searchPageNumber=3
41,https://www.laendleimmo.at/immobilien/wohnung/allgemein/vorarlberg/feldkirch/160972?searchPageNumber=3
42,https://www.laendleimmo.at/immobilien/wohnung/allgemein/vorarlberg/feldkirch/160505?searchPageNumber=3
43,https://www.laendleimmo.at/immobilien/wohnung/dachgeschosswohnung/vorarlberg/feldkirch/160503?searchPageNumber=3
44,https://www.laendleimmo.at/immobilien/wohnung/allgemein/vorarlberg/bregenz/157153?searchPageNumber=3
45,https://www.laendleimmo.at/immobilien/wohnung/allgemein/vorarlberg/dornbirn/154715?searchPageNumber=4
46,https://www.laendleimmo.at/immobilien/wohnung/allgemein/vorarlberg/feldkirch/153281?searchPageNumber=4
47,https://www.laendleimmo.at/immobilien/wohnung/allgemein/vorarlberg/feldkirch/148894?searchPageNumber=4
48,https://www.laendleimmo.at/immobilien/wohnung/dachgeschosswohnung/vorarlberg/bregenz/147923?searchPageNumber=4
49,https://www.laendleimmo.at/immobilien/wohnung/allgemein/vorarlberg/feldkirch/131616?searchPageNumber=4
50,https://www.laendleimmo.at/immobilien/wohnung/dachgeschosswohnung/vorarlberg/dornbirn/129181?searchPageNumber=4
51,https://www.laendleimmo.at/immobilien/wohnung/terrassenwohnung/vorarlberg/feldkirch/172144?searchPageNumber=4
52,https://www.laendleimmo.at/immobilien/wohnung/dachgeschosswohnung/vorarlberg/feldkirch/172640?searchPageNumber=4
53,https://www.laendleimmo.at/immobilien/wohnung/allgemein/vorarlberg/bregenz/148448?searchPageNumber=4
54,https://www.laendleimmo.at/immobilien/wohnung/dachgeschosswohnung/vorarlberg/bregenz/131477?searchPageNumber=4
55,https://www.laendleimmo.at/immobilien/wohnung/dachgeschosswohnung/vorarlberg/feldkirch/172868?searchPageNumber=4
56,https://www.laendleimmo.at/immobilien/wohnung/dachgeschosswohnung/tirol/innsbruck-land/172909?searchPageNumber=4
57,https://www.laendleimmo.at/immobilien/wohnung/allgemein/vorarlberg/dornbirn/173275?searchPageNumber=4
58,https://www.laendleimmo.at/immobilien/wohnung/allgemein/vorarlberg/dornbirn/173078?searchPageNumber=4
59,https://www.laendleimmo.at/immobilien/wohnung/terrassenwohnung/tirol/kitzbuhel/172883?searchPageNumber=4
60,https://www.laendleimmo.at/immobilien/wohnung/allgemein/vorarlberg/feldkirch/172630?searchPageNumber=5
61,https://www.laendleimmo.at/immobilien/wohnung/souterrain/tirol/kufstein/172218?searchPageNumber=5
62,https://www.laendleimmo.at/immobilien/wohnung/terrassenwohnung/vorarlberg/bregenz/172932?searchPageNumber=5
63,https://www.laendleimmo.at/immobilien/wohnung/terrassenwohnung/vorarlberg/bregenz/173125?searchPageNumber=5
64,https://www.laendleimmo.at/immobilien/wohnung/allgemein/vorarlberg/dornbirn/173087?searchPageNumber=5
65,https://www.laendleimmo.at/immobilien/wohnung/souterrain/vorarlberg/bregenz/172931?searchPageNumber=5
66,https://www.laendleimmo.at/immobilien/wohnung/terrassenwohnung/vorarlberg/bregenz/172916?searchPageNumber=5
67,https://www.laendleimmo.at/immobilien/wohnung/allgemein/vorarlberg/dornbirn/172850?searchPageNumber=5
68,https://www.laendleimmo.at/immobilien/wohnung/terrassenwohnung/vorarlberg/bregenz/166777?searchPageNumber=5
69,https://www.laendleimmo.at/immobilien/wohnung/dachgeschosswohnung/vorarlberg/feldkirch/173074?searchPageNumber=5
70,https://www.laendleimmo.at/immobilien/wohnung/terrassenwohnung/vorarlberg/feldkirch/173073?searchPageNumber=5
71,https://www.laendleimmo.at/immobilien/wohnung/gartenwohnung/vorarlberg/feldkirch/173072?searchPageNumber=5
72,https://www.laendleimmo.at/immobilien/wohnung/allgemein/vorarlberg/bregenz/172849?searchPageNumber=5
73,https://www.laendleimmo.at/immobilien/wohnung/allgemein/vorarlberg/bregenz/171631?searchPageNumber=5
74,https://www.laendleimmo.at/immobilien/wohnung/gartenwohnung/vorarlberg/bregenz/171630?searchPageNumber=5
75,https://www.laendleimmo.at/immobilien/wohnung/allgemein/vorarlberg/bregenz/170276?searchPageNumber=6
76,https://www.laendleimmo.at/immobilien/wohnung/dachgeschosswohnung/vorarlberg/dornbirn/167058?searchPageNumber=6
77,https://www.laendleimmo.at/immobilien/wohnung/allgemein/vorarlberg/bregenz/172181?searchPageNumber=6
78,https://www.laendleimmo.at/immobilien/wohnung/allgemein/vorarlberg/dornbirn/172079?searchPageNumber=6
79,https://www.laendleimmo.at/immobilien/wohnung/allgemein/vorarlberg/feldkirch/172738?searchPageNumber=6
80,https://www.laendleimmo.at/immobilien/wohnung/dachgeschosswohnung/vorarlberg/feldkirch/172737?searchPageNumber=6
81,https://www.laendleimmo.at/immobilien/wohnung/allgemein/vorarlberg/feldkirch/172687?searchPageNumber=6
82,https://www.laendleimmo.at/immobilien/wohnung/allgemein/vorarlberg/feldkirch/172106?searchPageNumber=6
83,https://www.laendleimmo.at/immobilien/wohnung/allgemein/vorarlberg/feldkirch/172104?searchPageNumber=6
84,https://www.laendleimmo.at/immobilien/wohnung/allgemein/vorarlberg/feldkirch/172103?searchPageNumber=6
85,https://www.laendleimmo.at/immobilien/wohnung/allgemein/vorarlberg/feldkirch/165554?searchPageNumber=6
86,https://www.laendleimmo.at/immobilien/wohnung/allgemein/vorarlberg/dornbirn/171899?searchPageNumber=6
87,https://www.laendleimmo.at/immobilien/wohnung/allgemein/vorarlberg/bregenz/171680?searchPageNumber=6
88,https://www.laendleimmo.at/immobilien/wohnung/allgemein/vorarlberg/dornbirn/171446?searchPageNumber=6
89,https://www.laendleimmo.at/immobilien/wohnung/souterrain/vorarlberg/bregenz/171654?searchPageNumber=6
90,https://www.laendleimmo.at/immobilien/wohnung/allgemein/vorarlberg/bregenz/171648?searchPageNumber=7
91,https://www.laendleimmo.at/immobilien/wohnung/souterrain/vorarlberg/bregenz/171647?searchPageNumber=7
92,https://www.laendleimmo.at/immobilien/wohnung/souterrain/vorarlberg/bregenz/171646?searchPageNumber=7
93,https://www.laendleimmo.at/immobilien/wohnung/allgemein/vorarlberg/dornbirn/172464?searchPageNumber=7
94,https://www.laendleimmo.at/immobilien/wohnung/allgemein/vorarlberg/feldkirch/171639?searchPageNumber=7
95,https://www.laendleimmo.at/immobilien/wohnung/allgemein/vorarlberg/bregenz/171637?searchPageNumber=7
96,https://www.laendleimmo.at/immobilien/wohnung/allgemein/vorarlberg/feldkirch/172855?searchPageNumber=7
97,https://www.laendleimmo.at/immobilien/wohnung/allgemein/vorarlberg/feldkirch/172054?searchPageNumber=7
98,https://www.laendleimmo.at/immobilien/wohnung/allgemein/vorarlberg/feldkirch/166750?searchPageNumber=7
99,https://www.laendleimmo.at/immobilien/wohnung/allgemein/vorarlberg/dornbirn/172861?searchPageNumber=7
100,https://www.laendleimmo.at/immobilien/wohnung/dachgeschosswohnung/vorarlberg/dornbirn/172856?searchPageNumber=7
101,https://www.laendleimmo.at/immobilien/wohnung/dachgeschosswohnung/vorarlberg/dornbirn/173088?_f=to&searchPageNumber=7
102,https://www.laendleimmo.at/immobilien/wohnung/dachgeschosswohnung/vorarlberg/bregenz/158834?searchPageNumber=7
103,https://www.laendleimmo.at/immobilien/wohnung/terrassenwohnung/vorarlberg/bregenz/170647?searchPageNumber=7
104,https://www.laendleimmo.at/immobilien/wohnung/allgemein/vorarlberg/bregenz/172646?searchPageNumber=7
105,https://www.laendleimmo.at/immobilien/wohnung/terrassenwohnung/vorarlberg/dornbirn/167325?searchPageNumber=8
106,https://www.laendleimmo.at/immobilien/wohnung/allgemein/vorarlberg/feldkirch/172169?searchPageNumber=8
107,https://www.laendleimmo.at/immobilien/wohnung/terrassenwohnung/vorarlberg/bregenz/170871?searchPageNumber=8
108,https://www.laendleimmo.at/immobilien/wohnung/dachgeschosswohnung/vorarlberg/dornbirn/171730?searchPageNumber=8
109,https://www.laendleimmo.at/immobilien/wohnung/allgemein/vorarlberg/dornbirn/171729?searchPageNumber=8
110,https://www.laendleimmo.at/immobilien/wohnung/allgemein/vorarlberg/bregenz/170676?searchPageNumber=8
111,https://www.laendleimmo.at/immobilien/wohnung/dachgeschosswohnung/vorarlberg/dornbirn/172208?searchPageNumber=8
112,https://www.laendleimmo.at/immobilien/wohnung/terrassenwohnung/vorarlberg/dornbirn/167315?searchPageNumber=8
113,https://www.laendleimmo.at/immobilien/wohnung/terrassenwohnung/vorarlberg/bregenz/172721?searchPageNumber=8
114,https://www.laendleimmo.at/immobilien/wohnung/allgemein/vorarlberg/dornbirn/172241?searchPageNumber=8
115,https://www.laendleimmo.at/immobilien/wohnung/allgemein/vorarlberg/dornbirn/172922?searchPageNumber=8
116,https://www.laendleimmo.at/immobilien/wohnung/terrassenwohnung/vorarlberg/dornbirn/173071?searchPageNumber=8
117,https://www.laendleimmo.at/immobilien/wohnung/allgemein/vorarlberg/dornbirn/172204?searchPageNumber=8
118,https://www.laendleimmo.at/immobilien/wohnung/allgemein/vorarlberg/bregenz/172203?searchPageNumber=8
119,https://www.laendleimmo.at/immobilien/wohnung/allgemein/vorarlberg/dornbirn/172240?searchPageNumber=8
120,https://www.laendleimmo.at/immobilien/wohnung/allgemein/vorarlberg/feldkirch/172624?searchPageNumber=9
121,https://www.laendleimmo.at/immobilien/wohnung/allgemein/vorarlberg/bregenz/170832?searchPageNumber=9
122,https://www.laendleimmo.at/immobilien/wohnung/allgemein/vorarlberg/bregenz/170253?searchPageNumber=9
123,https://www.laendleimmo.at/immobilien/wohnung/allgemein/vorarlberg/bregenz/168028?searchPageNumber=9
124,https://www.laendleimmo.at/immobilien/wohnung/allgemein/vorarlberg/bregenz/164243?searchPageNumber=9
125,https://www.laendleimmo.at/immobilien/wohnung/allgemein/vorarlberg/bregenz/142920?searchPageNumber=9
126,https://www.laendleimmo.at/immobilien/wohnung/allgemein/vorarlberg/bregenz/137239?searchPageNumber=9
127,https://www.laendleimmo.at/immobilien/wohnung/dachgeschosswohnung/vorarlberg/feldkirch/172242?searchPageNumber=9
128,https://www.laendleimmo.at/immobilien/wohnung/allgemein/vorarlberg/dornbirn/172172?searchPageNumber=9
129,https://www.laendleimmo.at/immobilien/wohnung/allgemein/vorarlberg/feldkirch/171358?searchPageNumber=9
130,https://www.laendleimmo.at/immobilien/wohnung/allgemein/vorarlberg/feldkirch/172088?searchPageNumber=9
131,https://www.laendleimmo.at/immobilien/wohnung/allgemein/vorarlberg/bludenz/171622?searchPageNumber=9
132,https://www.laendleimmo.at/immobilien/wohnung/allgemein/vorarlberg/dornbirn/171360?searchPageNumber=9
133,https://www.laendleimmo.at/immobilien/wohnung/allgemein/vorarlberg/feldkirch/170617?searchPageNumber=9
134,https://www.laendleimmo.at/immobilien/wohnung/allgemein/vorarlberg/dornbirn/169774?searchPageNumber=9
135,https://www.laendleimmo.at/immobilien/wohnung/allgemein/vorarlberg/dornbirn/167320?searchPageNumber=10
136,https://www.laendleimmo.at/immobilien/wohnung/allgemein/vorarlberg/feldkirch/166212?searchPageNumber=10
137,https://www.laendleimmo.at/immobilien/wohnung/allgemein/vorarlberg/dornbirn/163251?searchPageNumber=10
138,https://www.laendleimmo.at/immobilien/wohnung/allgemein/vorarlberg/dornbirn/155962?searchPageNumber=10
139,https://www.laendleimmo.at/immobilien/wohnung/allgemein/vorarlberg/dornbirn/155961?searchPageNumber=10
140,https://www.laendleimmo.at/immobilien/wohnung/allgemein/vorarlberg/feldkirch/172060?searchPageNumber=10
141,https://www.laendleimmo.at/immobilien/wohnung/allgemein/vorarlberg/feldkirch/173119?searchPageNumber=10
142,https://www.laendleimmo.at/immobilien/wohnung/terrassenwohnung/vorarlberg/feldkirch/172939?searchPageNumber=10
143,https://www.laendleimmo.at/immobilien/wohnung/allgemein/vorarlberg/bregenz/169280?searchPageNumber=10
144,https://www.laendleimmo.at/immobilien/wohnung/terrassenwohnung/vorarlberg/bregenz/171339?searchPageNumber=10
145,https://www.laendleimmo.at/immobilien/wohnung/terrassenwohnung/vorarlberg/bludenz/172858?searchPageNumber=10
146,https://www.laendleimmo.at/immobilien/wohnung/allgemein/vorarlberg/bregenz/158808?searchPageNumber=10
147,https://www.laendleimmo.at/immobilien/wohnung/allgemein/vorarlberg/bregenz/169619?searchPageNumber=10
148,https://www.laendleimmo.at/immobilien/wohnung/allgemein/vorarlberg/bludenz/166452?searchPageNumber=10
149,https://www.laendleimmo.at/immobilien/wohnung/allgemein/vorarlberg/bregenz/165597?searchPageNumber=10
150,https://www.laendleimmo.at/immobilien/wohnung/terrassenwohnung/vorarlberg/feldkirch/164825?searchPageNumber=11
151,https://www.laendleimmo.at/immobilien/wohnung/terrassenwohnung/vorarlberg/bregenz/167333?searchPageNumber=11
152,https://www.laendleimmo.at/immobilien/wohnung/allgemein/vorarlberg/feldkirch/167508?searchPageNumber=11
153,https://www.laendleimmo.at/immobilien/wohnung/terrassenwohnung/vorarlberg/feldkirch/170068?searchPageNumber=11
154,https://www.laendleimmo.at/immobilien/wohnung/terrassenwohnung/vorarlberg/feldkirch/171301?searchPageNumber=11
155,https://www.laendleimmo.at/immobilien/wohnung/terrassenwohnung/vorarlberg/feldkirch/170284?searchPageNumber=11
156,https://www.laendleimmo.at/immobilien/wohnung/terrassenwohnung/vorarlberg/bregenz/161933?searchPageNumber=11
157,https://www.laendleimmo.at/immobilien/wohnung/allgemein/vorarlberg/feldkirch/170614?searchPageNumber=11
158,https://www.laendleimmo.at/immobilien/wohnung/allgemein/vorarlberg/feldkirch/169287?searchPageNumber=11
159,https://www.laendleimmo.at/immobilien/wohnung/terrassenwohnung/vorarlberg/bregenz/171289?searchPageNumber=11
160,https://www.laendleimmo.at/immobilien/wohnung/terrassenwohnung/vorarlberg/bludenz/172076?searchPageNumber=11
161,https://www.laendleimmo.at/immobilien/wohnung/terrassenwohnung/vorarlberg/dornbirn/172702?searchPageNumber=11
162,https://www.laendleimmo.at/immobilien/wohnung/terrassenwohnung/vorarlberg/feldkirch/172728?searchPageNumber=11
163,https://www.laendleimmo.at/immobilien/wohnung/terrassenwohnung/vorarlberg/feldkirch/172729?searchPageNumber=11
164,https://www.laendleimmo.at/immobilien/wohnung/allgemein/vorarlberg/feldkirch/172730?searchPageNumber=11
165,https://www.laendleimmo.at/immobilien/wohnung/allgemein/vorarlberg/bregenz/172662?searchPageNumber=12
166,https://www.laendleimmo.at/immobilien/wohnung/allgemein/vorarlberg/bregenz/172193?searchPageNumber=12
167,https://www.laendleimmo.at/immobilien/wohnung/allgemein/vorarlberg/bregenz/172189?searchPageNumber=12
168,https://www.laendleimmo.at/immobilien/wohnung/allgemein/vorarlberg/bregenz/172188?searchPageNumber=12
169,https://www.laendleimmo.at/immobilien/wohnung/allgemein/vorarlberg/bregenz/172186?searchPageNumber=12
170,https://www.laendleimmo.at/immobilien/wohnung/allgemein/vorarlberg/bregenz/172192?searchPageNumber=12
171,https://www.laendleimmo.at/immobilien/wohnung/allgemein/vorarlberg/bregenz/172191?searchPageNumber=12
172,https://www.laendleimmo.at/immobilien/wohnung/dachgeschosswohnung/vorarlberg/feldkirch/168015?searchPageNumber=12
173,https://www.laendleimmo.at/immobilien/wohnung/allgemein/vorarlberg/feldkirch/168013?searchPageNumber=12
174,https://www.laendleimmo.at/immobilien/wohnung/allgemein/vorarlberg/feldkirch/168011?searchPageNumber=12
175,https://www.laendleimmo.at/immobilien/wohnung/allgemein/vorarlberg/dornbirn/170442?searchPageNumber=12
176,https://www.laendleimmo.at/immobilien/wohnung/allgemein/vorarlberg/bregenz/155439?searchPageNumber=12
177,https://www.laendleimmo.at/immobilien/wohnung/allgemein/vorarlberg/bregenz/150262?searchPageNumber=12
178,https://www.laendleimmo.at/immobilien/wohnung/dachgeschosswohnung/vorarlberg/feldkirch/170448?searchPageNumber=12
179,https://www.laendleimmo.at/immobilien/wohnung/allgemein/vorarlberg/bregenz/172703?searchPageNumber=12
180,https://www.laendleimmo.at/immobilien/wohnung/penthousewohnung/vorarlberg/dornbirn/167965?searchPageNumber=13
181,https://www.laendleimmo.at/immobilien/wohnung/penthousewohnung/vorarlberg/dornbirn/173130?searchPageNumber=13
182,https://www.laendleimmo.at/immobilien/wohnung/dachgeschosswohnung/vorarlberg/dornbirn/173133?searchPageNumber=13
183,https://www.laendleimmo.at/immobilien/wohnung/terrassenwohnung/vorarlberg/dornbirn/170288?searchPageNumber=13
184,https://www.laendleimmo.at/immobilien/wohnung/terrassenwohnung/vorarlberg/dornbirn/170291?searchPageNumber=13
185,https://www.laendleimmo.at/immobilien/wohnung/dachgeschosswohnung/vorarlberg/dornbirn/173086?searchPageNumber=13
186,https://www.laendleimmo.at/immobilien/wohnung/terrassenwohnung/vorarlberg/dornbirn/173084?searchPageNumber=13
187,https://www.laendleimmo.at/immobilien/wohnung/dachgeschosswohnung/vorarlberg/bregenz/173129?searchPageNumber=13
188,https://www.laendleimmo.at/immobilien/wohnung/allgemein/vorarlberg/bregenz/172200?searchPageNumber=13
189,https://www.laendleimmo.at/immobilien/wohnung/allgemein/vorarlberg/bregenz/168494?searchPageNumber=13
190,https://www.laendleimmo.at/immobilien/wohnung/allgemein/vorarlberg/bregenz/169029?searchPageNumber=13
191,https://www.laendleimmo.at/immobilien/wohnung/allgemein/vorarlberg/dornbirn/169829?searchPageNumber=13
192,https://www.laendleimmo.at/immobilien/wohnung/allgemein/vorarlberg/dornbirn/166214?searchPageNumber=13
193,https://www.laendleimmo.at/immobilien/wohnung/allgemein/vorarlberg/bludenz/173124?searchPageNumber=13
194,https://www.laendleimmo.at/immobilien/wohnung/terrassenwohnung/vorarlberg/feldkirch/172924?searchPageNumber=13
195,https://www.laendleimmo.at/immobilien/wohnung/allgemein/vorarlberg/bregenz/172689?searchPageNumber=14
196,https://www.laendleimmo.at/immobilien/wohnung/penthousewohnung/vorarlberg/bregenz/159670?searchPageNumber=14
197,https://www.laendleimmo.at/immobilien/wohnung/allgemein/vorarlberg/dornbirn/172904?searchPageNumber=14
198,https://www.laendleimmo.at/immobilien/wohnung/allgemein/vorarlberg/bregenz/160812?searchPageNumber=14
199,https://www.laendleimmo.at/immobilien/wohnung/allgemein/vorarlberg/bregenz/172108?searchPageNumber=14
200,https://www.laendleimmo.at/immobilien/wohnung/allgemein/vorarlberg/bregenz/172930?searchPageNumber=14
201,https://www.laendleimmo.at/immobilien/wohnung/allgemein/vorarlberg/dornbirn/165164?searchPageNumber=14
202,https://www.laendleimmo.at/immobilien/wohnung/allgemein/vorarlberg/dornbirn/167909?searchPageNumber=14
203,https://www.laendleimmo.at/immobilien/wohnung/dachgeschosswohnung/vorarlberg/dornbirn/155523?searchPageNumber=14
204,https://www.laendleimmo.at/immobilien/wohnung/allgemein/vorarlberg/dornbirn/161033?searchPageNumber=14
205,https://www.laendleimmo.at/immobilien/wohnung/allgemein/vorarlberg/dornbirn/148574?searchPageNumber=14
206,https://www.laendleimmo.at/immobilien/wohnung/allgemein/vorarlberg/dornbirn/161034?searchPageNumber=14
207,https://www.laendleimmo.at/immobilien/wohnung/allgemein/vorarlberg/dornbirn/165160?searchPageNumber=14
208,https://www.laendleimmo.at/immobilien/wohnung/gartenwohnung/vorarlberg/dornbirn/170452?searchPageNumber=14
209,https://www.laendleimmo.at/immobilien/wohnung/dachgeschosswohnung/vorarlberg/dornbirn/172928?searchPageNumber=14
210,https://www.laendleimmo.at/immobilien/wohnung/allgemein/vorarlberg/dornbirn/165939?searchPageNumber=15
211,https://www.laendleimmo.at/immobilien/wohnung/terrassenwohnung/vorarlberg/feldkirch/170876?searchPageNumber=15
212,https://www.laendleimmo.at/immobilien/wohnung/dachgeschosswohnung/vorarlberg/feldkirch/164937?searchPageNumber=15
213,https://www.laendleimmo.at/immobilien/wohnung/terrassenwohnung/vorarlberg/feldkirch/158193?searchPageNumber=15
214,https://www.laendleimmo.at/immobilien/wohnung/maisonette/vorarlberg/bregenz/168286?searchPageNumber=15
215,https://www.laendleimmo.at/immobilien/wohnung/terrassenwohnung/vorarlberg/feldkirch/163020?searchPageNumber=15
216,https://www.laendleimmo.at/immobilien/wohnung/terrassenwohnung/vorarlberg/feldkirch/168067?searchPageNumber=15
217,https://www.laendleimmo.at/immobilien/wohnung/dachgeschosswohnung/vorarlberg/feldkirch/170877?searchPageNumber=15
218,https://www.laendleimmo.at/immobilien/wohnung/terrassenwohnung/vorarlberg/feldkirch/171093?searchPageNumber=15
219,https://www.laendleimmo.at/immobilien/wohnung/allgemein/vorarlberg/dornbirn/164016?searchPageNumber=15
220,https://www.laendleimmo.at/immobilien/wohnung/dachgeschosswohnung/vorarlberg/feldkirch/164938?searchPageNumber=15
221,https://www.laendleimmo.at/immobilien/wohnung/terrassenwohnung/vorarlberg/feldkirch/166248?searchPageNumber=15
222,https://www.laendleimmo.at/immobilien/wohnung/terrassenwohnung/vorarlberg/feldkirch/169045?searchPageNumber=15
223,https://www.laendleimmo.at/immobilien/wohnung/terrassenwohnung/vorarlberg/feldkirch/169041?searchPageNumber=15
224,https://www.laendleimmo.at/immobilien/wohnung/terrassenwohnung/vorarlberg/feldkirch/169063?searchPageNumber=15
225,https://www.laendleimmo.at/immobilien/wohnung/allgemein/vorarlberg/feldkirch/164820?searchPageNumber=16
226,https://www.laendleimmo.at/immobilien/wohnung/allgemein/vorarlberg/feldkirch/164298?searchPageNumber=16
227,https://www.laendleimmo.at/immobilien/wohnung/allgemein/vorarlberg/bregenz/157218?searchPageNumber=16
228,https://www.laendleimmo.at/immobilien/wohnung/allgemein/vorarlberg/feldkirch/169861?searchPageNumber=16
229,https://www.laendleimmo.at/immobilien/wohnung/allgemein/vorarlberg/bludenz/144055?searchPageNumber=16
230,https://www.laendleimmo.at/immobilien/wohnung/allgemein/vorarlberg/feldkirch/170057?searchPageNumber=16
231,https://www.laendleimmo.at/immobilien/wohnung/terrassenwohnung/vorarlberg/feldkirch/173116?searchPageNumber=16
232,https://www.laendleimmo.at/immobilien/wohnung/allgemein/vorarlberg/bludenz/172692?searchPageNumber=16
233,https://www.laendleimmo.at/immobilien/wohnung/allgemein/vorarlberg/dornbirn/167305?searchPageNumber=16
234,https://www.laendleimmo.at/immobilien/wohnung/allgemein/vorarlberg/dornbirn/167294?searchPageNumber=16
235,https://www.laendleimmo.at/immobilien/wohnung/terrassenwohnung/vorarlberg/dornbirn/170295?searchPageNumber=16
236,https://www.laendleimmo.at/immobilien/wohnung/terrassenwohnung/vorarlberg/bregenz/170095?searchPageNumber=16
237,https://www.laendleimmo.at/immobilien/wohnung/terrassenwohnung/vorarlberg/feldkirch/172720?searchPageNumber=16
238,https://www.laendleimmo.at/immobilien/wohnung/terrassenwohnung/vorarlberg/dornbirn/172202?searchPageNumber=16
239,https://www.laendleimmo.at/immobilien/wohnung/terrassenwohnung/vorarlberg/feldkirch/163367?searchPageNumber=16
240,https://www.laendleimmo.at/immobilien/wohnung/allgemein/vorarlberg/dornbirn/160987?searchPageNumber=17
241,https://www.laendleimmo.at/immobilien/wohnung/terrassenwohnung/vorarlberg/dornbirn/161111?searchPageNumber=17
242,https://www.laendleimmo.at/immobilien/wohnung/terrassenwohnung/vorarlberg/feldkirch/168979?searchPageNumber=17
243,https://www.laendleimmo.at/immobilien/wohnung/terrassenwohnung/vorarlberg/bregenz/170086?searchPageNumber=17
244,https://www.laendleimmo.at/immobilien/wohnung/terrassenwohnung/vorarlberg/bregenz/167302?searchPageNumber=17
245,https://www.laendleimmo.at/immobilien/wohnung/terrassenwohnung/vorarlberg/dornbirn/169617?searchPageNumber=17
246,https://www.laendleimmo.at/immobilien/wohnung/gartenwohnung/vorarlberg/dornbirn/171456?searchPageNumber=17
247,https://www.laendleimmo.at/immobilien/wohnung/allgemein/vorarlberg/bregenz/172205?searchPageNumber=17
248,https://www.laendleimmo.at/immobilien/wohnung/terrassenwohnung/vorarlberg/bludenz/172206?searchPageNumber=17
249,https://www.laendleimmo.at/immobilien/wohnung/terrassenwohnung/vorarlberg/feldkirch/169825?searchPageNumber=17
250,https://www.laendleimmo.at/immobilien/wohnung/gartenwohnung/vorarlberg/feldkirch/172639?searchPageNumber=17
251,https://www.laendleimmo.at/immobilien/wohnung/terrassenwohnung/vorarlberg/bregenz/170256?searchPageNumber=17
252,https://www.laendleimmo.at/immobilien/wohnung/terrassenwohnung/vorarlberg/bregenz/172912?searchPageNumber=17
253,https://www.laendleimmo.at/immobilien/wohnung/terrassenwohnung/vorarlberg/bregenz/172642?searchPageNumber=17
254,https://www.laendleimmo.at/immobilien/wohnung/gartenwohnung/vorarlberg/bregenz/172634?searchPageNumber=17
255,https://www.laendleimmo.at/immobilien/wohnung/gartenwohnung/vorarlberg/bregenz/172899?searchPageNumber=18
256,https://www.laendleimmo.at/immobilien/wohnung/dachgeschosswohnung/vorarlberg/bregenz/172929?searchPageNumber=18
257,https://www.laendleimmo.at/immobilien/wohnung/dachgeschosswohnung/vorarlberg/bludenz/171686?searchPageNumber=18
258,https://www.laendleimmo.at/immobilien/wohnung/allgemein/vorarlberg/feldkirch/172625?searchPageNumber=18
259,https://www.laendleimmo.at/immobilien/wohnung/terrassenwohnung/vorarlberg/feldkirch/171717?searchPageNumber=18
260,https://www.laendleimmo.at/immobilien/wohnung/allgemein/vorarlberg/feldkirch/171355?searchPageNumber=18
261,https://www.laendleimmo.at/immobilien/wohnung/allgemein/vorarlberg/bregenz/171359?searchPageNumber=18
262,https://www.laendleimmo.at/immobilien/wohnung/allgemein/vorarlberg/feldkirch/171292?searchPageNumber=18
263,https://www.laendleimmo.at/immobilien/wohnung/allgemein/vorarlberg/feldkirch/167910?searchPageNumber=18
264,https://www.laendleimmo.at/immobilien/wohnung/allgemein/vorarlberg/bregenz/160867?searchPageNumber=18
265,https://www.laendleimmo.at/immobilien/wohnung/allgemein/vorarlberg/bregenz/151195?searchPageNumber=18
266,https://www.laendleimmo.at/immobilien/wohnung/allgemein/vorarlberg/bregenz/144095?searchPageNumber=18
267,https://www.laendleimmo.at/immobilien/wohnung/gartenwohnung/vorarlberg/bludenz/166792?searchPageNumber=18
268,https://www.laendleimmo.at/immobilien/wohnung/allgemein/vorarlberg/dornbirn/165534?searchPageNumber=18
269,https://www.laendleimmo.at/immobilien/wohnung/allgemein/vorarlberg/feldkirch/141107?searchPageNumber=18
270,https://www.laendleimmo.at/immobilien/wohnung/allgemein/vorarlberg/bregenz/170269?searchPageNumber=19
271,https://www.laendleimmo.at/immobilien/wohnung/allgemein/vorarlberg/bregenz/170929?searchPageNumber=19
272,https://www.laendleimmo.at/immobilien/wohnung/allgemein/vorarlberg/bregenz/172055?searchPageNumber=19
273,https://www.laendleimmo.at/immobilien/wohnung/allgemein/vorarlberg/bregenz/170649?searchPageNumber=19
274,https://www.laendleimmo.at/immobilien/wohnung/allgemein/vorarlberg/bregenz/170616?searchPageNumber=19
275,https://www.laendleimmo.at/immobilien/wohnung/allgemein/vorarlberg/bregenz/169612?searchPageNumber=19
276,https://www.laendleimmo.at/immobilien/wohnung/allgemein/vorarlberg/feldkirch/169462?searchPageNumber=19
277,https://www.laendleimmo.at/immobilien/wohnung/allgemein/vorarlberg/bregenz/169044?searchPageNumber=19
278,https://www.laendleimmo.at/immobilien/wohnung/allgemein/vorarlberg/feldkirch/169003?searchPageNumber=19
279,https://www.laendleimmo.at/immobilien/wohnung/allgemein/vorarlberg/feldkirch/168967?searchPageNumber=19
280,https://www.laendleimmo.at/immobilien/wohnung/allgemein/vorarlberg/bregenz/168529?searchPageNumber=19
281,https://www.laendleimmo.at/immobilien/wohnung/allgemein/vorarlberg/bregenz/166804?searchPageNumber=19
282,https://www.laendleimmo.at/immobilien/wohnung/allgemein/vorarlberg/bregenz/158815?searchPageNumber=19
283,https://www.laendleimmo.at/immobilien/wohnung/allgemein/vorarlberg/bregenz/157656?searchPageNumber=19
284,https://www.laendleimmo.at/immobilien/wohnung/allgemein/vorarlberg/dornbirn/144782?searchPageNumber=19
285,https://www.laendleimmo.at/immobilien/wohnung/maisonette/vorarlberg/feldkirch/169615?searchPageNumber=20
286,https://www.laendleimmo.at/immobilien/wohnung/allgemein/vorarlberg/bludenz/172845?searchPageNumber=20
287,https://www.laendleimmo.at/immobilien/wohnung/gartenwohnung/vorarlberg/bregenz/168974?searchPageNumber=20
288,https://www.laendleimmo.at/immobilien/wohnung/terrassenwohnung/vorarlberg/bregenz/168973?searchPageNumber=20
289,https://www.laendleimmo.at/immobilien/wohnung/gartenwohnung/vorarlberg/dornbirn/169010?searchPageNumber=20
290,https://www.laendleimmo.at/immobilien/wohnung/gartenwohnung/vorarlberg/bregenz/172261?searchPageNumber=20
291,https://www.laendleimmo.at/immobilien/wohnung/terrassenwohnung/vorarlberg/dornbirn/169014?searchPageNumber=20
292,https://www.laendleimmo.at/immobilien/wohnung/terrassenwohnung/vorarlberg/bregenz/172691?searchPageNumber=20
293,https://www.laendleimmo.at/immobilien/wohnung/terrassenwohnung/vorarlberg/dornbirn/169015?searchPageNumber=20
294,https://www.laendleimmo.at/immobilien/wohnung/terrassenwohnung/vorarlberg/dornbirn/169016?searchPageNumber=20
295,https://www.laendleimmo.at/immobilien/wohnung/terrassenwohnung/vorarlberg/dornbirn/169017?searchPageNumber=20
296,https://www.laendleimmo.at/immobilien/wohnung/gartenwohnung/vorarlberg/bludenz/173075?searchPageNumber=20
297,https://www.laendleimmo.at/immobilien/wohnung/terrassenwohnung/vorarlberg/bregenz/172920?searchPageNumber=20
298,https://www.laendleimmo.at/immobilien/wohnung/gartenwohnung/vorarlberg/bregenz/165425?searchPageNumber=20
299,https://www.laendleimmo.at/immobilien/wohnung/terrassenwohnung/vorarlberg/bregenz/168071?searchPageNumber=20
300,https://www.laendleimmo.at/immobilien/wohnung/allgemein/vorarlberg/bregenz/172935?searchPageNumber=21
301,https://www.laendleimmo.at/immobilien/wohnung/dachgeschosswohnung/vorarlberg/feldkirch/74667?searchPageNumber=21
302,https://www.laendleimmo.at/immobilien/wohnung/gartenwohnung/vorarlberg/feldkirch/172925?searchPageNumber=21
303,https://www.laendleimmo.at/immobilien/wohnung/allgemein/vorarlberg/feldkirch/134294?searchPageNumber=21
304,https://www.laendleimmo.at/immobilien/wohnung/allgemein/vorarlberg/dornbirn/172926?searchPageNumber=21
305,https://www.laendleimmo.at/immobilien/wohnung/allgemein/vorarlberg/feldkirch/172917?searchPageNumber=21
306,https://www.laendleimmo.at/immobilien/wohnung/allgemein/vorarlberg/feldkirch/172921?searchPageNumber=21
307,https://www.laendleimmo.at/immobilien/wohnung/dachgeschosswohnung/vorarlberg/dornbirn/168581?searchPageNumber=21
308,https://www.laendleimmo.at/immobilien/wohnung/allgemein/vorarlberg/feldkirch/172919?searchPageNumber=21
309,https://www.laendleimmo.at/immobilien/wohnung/allgemein/vorarlberg/feldkirch/172918?searchPageNumber=21
310,https://www.laendleimmo.at/immobilien/wohnung/allgemein/vorarlberg/bregenz/172057?searchPageNumber=21
311,https://www.laendleimmo.at/immobilien/wohnung/allgemein/vorarlberg/dornbirn/170023?searchPageNumber=21
312,https://www.laendleimmo.at/immobilien/wohnung/allgemein/vorarlberg/feldkirch/172915?searchPageNumber=21
313,https://www.laendleimmo.at/immobilien/wohnung/terrassenwohnung/vorarlberg/bludenz/156942?searchPageNumber=21
314,https://www.laendleimmo.at/immobilien/wohnung/allgemein/vorarlberg/bregenz/172889?searchPageNumber=21
315,https://www.laendleimmo.at/immobilien/wohnung/gartenwohnung/vorarlberg/dornbirn/172913?searchPageNumber=22
316,https://www.laendleimmo.at/immobilien/wohnung/allgemein/vorarlberg/feldkirch/160080?searchPageNumber=22
317,https://www.laendleimmo.at/immobilien/wohnung/allgemein/vorarlberg/dornbirn/156784?searchPageNumber=22
318,https://www.laendleimmo.at/immobilien/wohnung/allgemein/vorarlberg/dornbirn/123073?searchPageNumber=22
319,https://www.laendleimmo.at/immobilien/wohnung/allgemein/vorarlberg/dornbirn/172903?searchPageNumber=22
320,https://www.laendleimmo.at/immobilien/wohnung/allgemein/vorarlberg/bludenz/168982?searchPageNumber=22
321,https://www.laendleimmo.at/immobilien/wohnung/allgemein/vorarlberg/feldkirch/119329?searchPageNumber=22
322,https://www.laendleimmo.at/immobilien/wohnung/dachgeschosswohnung/vorarlberg/dornbirn/172900?searchPageNumber=22
323,https://www.laendleimmo.at/immobilien/wohnung/allgemein/vorarlberg/feldkirch/165565?searchPageNumber=22
324,https://www.laendleimmo.at/immobilien/wohnung/allgemein/vorarlberg/dornbirn/168021?searchPageNumber=22
325,https://www.laendleimmo.at/immobilien/wohnung/allgemein/vorarlberg/dornbirn/168017?searchPageNumber=22
326,https://www.laendleimmo.at/immobilien/wohnung/allgemein/vorarlberg/dornbirn/167972?searchPageNumber=22
327,https://www.laendleimmo.at/immobilien/wohnung/terrassenwohnung/vorarlberg/feldkirch/170457?searchPageNumber=22
328,https://www.laendleimmo.at/immobilien/wohnung/allgemein/vorarlberg/bregenz/172888?searchPageNumber=22
329,https://www.laendleimmo.at/immobilien/wohnung/allgemein/vorarlberg/feldkirch/172875?searchPageNumber=22
330,https://www.laendleimmo.at/immobilien/wohnung/allgemein/vorarlberg/feldkirch/119909?searchPageNumber=23
331,https://www.laendleimmo.at/immobilien/wohnung/allgemein/vorarlberg/dornbirn/169227?searchPageNumber=23
332,https://www.laendleimmo.at/immobilien/wohnung/gartenwohnung/vorarlberg/dornbirn/172878?searchPageNumber=23
333,https://www.laendleimmo.at/immobilien/wohnung/allgemein/vorarlberg/bregenz/172874?searchPageNumber=23
334,https://www.laendleimmo.at/immobilien/wohnung/allgemein/vorarlberg/feldkirch/170913?searchPageNumber=23
335,https://www.laendleimmo.at/immobilien/wohnung/allgemein/vorarlberg/dornbirn/172078?searchPageNumber=23
336,https://www.laendleimmo.at/immobilien/wohnung/allgemein/vorarlberg/feldkirch/150996?searchPageNumber=23
337,https://www.laendleimmo.at/immobilien/wohnung/allgemein/vorarlberg/bregenz/172866?searchPageNumber=23
338,https://www.laendleimmo.at/immobilien/wohnung/allgemein/wien/3-bez-landstrasse/172865?searchPageNumber=23
339,https://www.laendleimmo.at/immobilien/wohnung/allgemein/vorarlberg/dornbirn/172109?searchPageNumber=23
340,https://www.laendleimmo.at/immobilien/wohnung/gartenwohnung/vorarlberg/feldkirch/172643?searchPageNumber=23
341,https://www.laendleimmo.at/immobilien/wohnung/allgemein/vorarlberg/dornbirn/169772?searchPageNumber=23
342,https://www.laendleimmo.at/immobilien/wohnung/terrassenwohnung/vorarlberg/feldkirch/164011?searchPageNumber=23
343,https://www.laendleimmo.at/immobilien/wohnung/allgemein/vorarlberg/bregenz/172735?searchPageNumber=23
344,https://www.laendleimmo.at/immobilien/wohnung/allgemein/vorarlberg/dornbirn/117340?searchPageNumber=23
345,https://www.laendleimmo.at/immobilien/wohnung/allgemein/vorarlberg/dornbirn/165167?searchPageNumber=24
346,https://www.laendleimmo.at/immobilien/wohnung/allgemein/vorarlberg/dornbirn/168981?searchPageNumber=24
347,https://www.laendleimmo.at/immobilien/wohnung/dachgeschosswohnung/vorarlberg/bregenz/172693?searchPageNumber=24
348,https://www.laendleimmo.at/immobilien/wohnung/allgemein/vorarlberg/feldkirch/167059?searchPageNumber=24
349,https://www.laendleimmo.at/immobilien/wohnung/gartenwohnung/vorarlberg/dornbirn/172684?searchPageNumber=24
350,https://www.laendleimmo.at/immobilien/wohnung/gartenwohnung/vorarlberg/dornbirn/163767?searchPageNumber=24
351,https://www.laendleimmo.at/immobilien/wohnung/allgemein/vorarlberg/dornbirn/168501?searchPageNumber=24
352,https://www.laendleimmo.at/immobilien/wohnung/terrassenwohnung/vorarlberg/dornbirn/172664?searchPageNumber=24
353,https://www.laendleimmo.at/immobilien/wohnung/dachgeschosswohnung/vorarlberg/feldkirch/127432?searchPageNumber=24
354,https://www.laendleimmo.at/immobilien/wohnung/allgemein/vorarlberg/feldkirch/172244?searchPageNumber=24
355,https://www.laendleimmo.at/immobilien/wohnung/gartenwohnung/vorarlberg/feldkirch/172637?searchPageNumber=24
356,https://www.laendleimmo.at/immobilien/wohnung/allgemein/vorarlberg/feldkirch/172638?searchPageNumber=24
357,https://www.laendleimmo.at/immobilien/wohnung/terrassenwohnung/vorarlberg/bregenz/165589?searchPageNumber=24
358,https://www.laendleimmo.at/immobilien/wohnung/zimmer-wg/vorarlberg/dornbirn/171703?searchPageNumber=24
359,https://www.laendleimmo.at/immobilien/wohnung/allgemein/vorarlberg/bregenz/172629?searchPageNumber=24
360,https://www.laendleimmo.at/immobilien/wohnung/allgemein/vorarlberg/bregenz/172628?searchPageNumber=25
361,https://www.laendleimmo.at/immobilien/wohnung/allgemein/vorarlberg/dornbirn/172627?searchPageNumber=25
362,https://www.laendleimmo.at/immobilien/wohnung/allgemein/vorarlberg/bregenz/172447?searchPageNumber=25
363,https://www.laendleimmo.at/immobilien/wohnung/allgemein/vorarlberg/bregenz/171683?searchPageNumber=25
364,https://www.laendleimmo.at/immobilien/wohnung/allgemein/wien/17-bez-hernals/171725?searchPageNumber=25
365,https://www.laendleimmo.at/immobilien/wohnung/allgemein/vorarlberg/dornbirn/172092?searchPageNumber=25
366,https://www.laendleimmo.at/immobilien/wohnung/gartenwohnung/vorarlberg/feldkirch/169062?searchPageNumber=25
367,https://www.laendleimmo.at/immobilien/wohnung/allgemein/vorarlberg/bludenz/172440?searchPageNumber=25
368,https://www.laendleimmo.at/immobilien/wohnung/terrassenwohnung/vorarlberg/bludenz/170635?searchPageNumber=25
369,https://www.laendleimmo.at/immobilien/wohnung/terrassenwohnung/vorarlberg/feldkirch/172436?searchPageNumber=25
370,https://www.laendleimmo.at/immobilien/wohnung/allgemein/vorarlberg/dornbirn/155700?searchPageNumber=25
371,https://www.laendleimmo.at/immobilien/wohnung/allgemein/vorarlberg/dornbirn/167043?searchPageNumber=25
372,https://www.laendleimmo.at/immobilien/wohnung/terrassenwohnung/vorarlberg/feldkirch/150653?searchPageNumber=25
373,https://www.laendleimmo.at/immobilien/wohnung/allgemein/vorarlberg/feldkirch/165170?searchPageNumber=25
374,https://www.laendleimmo.at/immobilien/wohnung/dachgeschosswohnung/vorarlberg/feldkirch/141685?searchPageNumber=25
375,https://www.laendleimmo.at/immobilien/wohnung/allgemein/vorarlberg/feldkirch/169775?searchPageNumber=26
376,https://www.laendleimmo.at/immobilien/wohnung/terrassenwohnung/vorarlberg/bregenz/165142?searchPageNumber=26
377,https://www.laendleimmo.at/immobilien/wohnung/terrassenwohnung/vorarlberg/dornbirn/172227?searchPageNumber=26
378,https://www.laendleimmo.at/immobilien/wohnung/allgemein/vorarlberg/bludenz/166508?searchPageNumber=26
379,https://www.laendleimmo.at/immobilien/wohnung/allgemein/vorarlberg/bregenz/172139?searchPageNumber=26
380,https://www.laendleimmo.at/immobilien/wohnung/allgemein/vorarlberg/dornbirn/168023?searchPageNumber=26
381,https://www.laendleimmo.at/immobilien/wohnung/allgemein/vorarlberg/bregenz/166175?searchPageNumber=26
382,https://www.laendleimmo.at/immobilien/wohnung/dachgeschosswohnung/vorarlberg/bregenz/144143?searchPageNumber=26
383,https://www.laendleimmo.at/immobilien/wohnung/terrassenwohnung/vorarlberg/bregenz/172117?searchPageNumber=26
384,https://www.laendleimmo.at/immobilien/wohnung/allgemein/vorarlberg/dornbirn/172135?searchPageNumber=26
385,https://www.laendleimmo.at/immobilien/wohnung/allgemein/vorarlberg/feldkirch/151925?searchPageNumber=26
386,https://www.laendleimmo.at/immobilien/wohnung/allgemein/vorarlberg/dornbirn/164568?searchPageNumber=26
387,https://www.laendleimmo.at/immobilien/wohnung/dachgeschosswohnung/vorarlberg/bregenz/171727?searchPageNumber=26
388,https://www.laendleimmo.at/immobilien/wohnung/allgemein/vorarlberg/bregenz/147851?searchPageNumber=26
389,https://www.laendleimmo.at/immobilien/wohnung/dachgeschosswohnung/vorarlberg/bregenz/172099?searchPageNumber=26
390,https://www.laendleimmo.at/immobilien/wohnung/terrassenwohnung/vorarlberg/feldkirch/169771?searchPageNumber=27
391,https://www.laendleimmo.at/immobilien/wohnung/allgemein/vorarlberg/dornbirn/172096?searchPageNumber=27
392,https://www.laendleimmo.at/immobilien/wohnung/allgemein/vorarlberg/bregenz/172095?searchPageNumber=27
393,https://www.laendleimmo.at/immobilien/wohnung/allgemein/vorarlberg/bludenz/133834?searchPageNumber=27
394,https://www.laendleimmo.at/immobilien/wohnung/allgemein/vorarlberg/dornbirn/172063?searchPageNumber=27
395,https://www.laendleimmo.at/immobilien/wohnung/loft/vorarlberg/dornbirn/168095?searchPageNumber=27
396,https://www.laendleimmo.at/immobilien/wohnung/terrassenwohnung/vorarlberg/feldkirch/172053?searchPageNumber=27
397,https://www.laendleimmo.at/immobilien/wohnung/allgemein/vorarlberg/dornbirn/168063?searchPageNumber=27
398,https://www.laendleimmo.at/immobilien/wohnung/allgemein/vorarlberg/dornbirn/172049?searchPageNumber=27
399,https://www.laendleimmo.at/immobilien/wohnung/allgemein/vorarlberg/bregenz/169630?searchPageNumber=27
400,https://www.laendleimmo.at/immobilien/wohnung/allgemein/vorarlberg/bregenz/133789?searchPageNumber=27
401,https://www.laendleimmo.at/immobilien/wohnung/allgemein/vorarlberg/feldkirch/148329?searchPageNumber=27
402,https://www.laendleimmo.at/immobilien/wohnung/terrassenwohnung/vorarlberg/feldkirch/170887?searchPageNumber=27
403,https://www.laendleimmo.at/immobilien/wohnung/allgemein/vorarlberg/feldkirch/166505?searchPageNumber=27
404,https://www.laendleimmo.at/immobilien/wohnung/terrassenwohnung/vorarlberg/feldkirch/164841?searchPageNumber=27
405,https://www.laendleimmo.at/immobilien/wohnung/allgemein/vorarlberg/bregenz/156526?searchPageNumber=28
406,https://www.laendleimmo.at/immobilien/wohnung/allgemein/vorarlberg/bregenz/170663?searchPageNumber=28
407,https://www.laendleimmo.at/immobilien/wohnung/garconniere/vorarlberg/dornbirn/171718?searchPageNumber=28
408,https://www.laendleimmo.at/immobilien/wohnung/allgemein/vorarlberg/feldkirch/171715?searchPageNumber=28
409,https://www.laendleimmo.at/immobilien/wohnung/allgemein/vorarlberg/feldkirch/162950?searchPageNumber=28
410,https://www.laendleimmo.at/immobilien/wohnung/gartenwohnung/vorarlberg/feldkirch/171699?searchPageNumber=28
411,https://www.laendleimmo.at/immobilien/wohnung/gartenwohnung/vorarlberg/feldkirch/171698?searchPageNumber=28
412,https://www.laendleimmo.at/immobilien/wohnung/allgemein/vorarlberg/dornbirn/171697?searchPageNumber=28
413,https://www.laendleimmo.at/immobilien/wohnung/allgemein/vorarlberg/dornbirn/171696?searchPageNumber=28
414,https://www.laendleimmo.at/immobilien/wohnung/allgemein/vorarlberg/bregenz/171695?searchPageNumber=28
415,https://www.laendleimmo.at/immobilien/wohnung/dachgeschosswohnung/vorarlberg/bregenz/171688?searchPageNumber=28
416,https://www.laendleimmo.at/immobilien/wohnung/terrassenwohnung/vorarlberg/bludenz/171109?searchPageNumber=28
417,https://www.laendleimmo.at/immobilien/wohnung/allgemein/vorarlberg/feldkirch/171348?searchPageNumber=28
418,https://www.laendleimmo.at/immobilien/wohnung/allgemein/vorarlberg/feldkirch/168776?searchPageNumber=28
419,https://www.laendleimmo.at/immobilien/wohnung/terrassenwohnung/vorarlberg/feldkirch/171321?searchPageNumber=28
420,https://www.laendleimmo.at/immobilien/wohnung/allgemein/vorarlberg/feldkirch/171295?searchPageNumber=29
421,https://www.laendleimmo.at/immobilien/wohnung/maisonette/vorarlberg/bludenz/171285?searchPageNumber=29
422,https://www.laendleimmo.at/immobilien/wohnung/allgemein/vorarlberg/bregenz/171264?searchPageNumber=29
423,https://www.laendleimmo.at/immobilien/wohnung/dachgeschosswohnung/vorarlberg/dornbirn/171105?searchPageNumber=29
424,https://www.laendleimmo.at/immobilien/wohnung/terrassenwohnung/vorarlberg/feldkirch/164849?searchPageNumber=29
425,https://www.laendleimmo.at/immobilien/wohnung/allgemein/vorarlberg/feldkirch/170885?searchPageNumber=29
426,https://www.laendleimmo.at/immobilien/wohnung/allgemein/vorarlberg/feldkirch/169830?searchPageNumber=29
427,https://www.laendleimmo.at/immobilien/wohnung/dachgeschosswohnung/vorarlberg/bregenz/170833?searchPageNumber=29
428,https://www.laendleimmo.at/immobilien/wohnung/allgemein/wien/21-bez-floridsdorf/170669?searchPageNumber=29
429,https://www.laendleimmo.at/immobilien/wohnung/dachgeschosswohnung/vorarlberg/feldkirch/169464?searchPageNumber=29
430,https://www.laendleimmo.at/immobilien/wohnung/terrassenwohnung/vorarlberg/feldkirch/169461?searchPageNumber=29
431,https://www.laendleimmo.at/immobilien/wohnung/terrassenwohnung/vorarlberg/feldkirch/169463?searchPageNumber=29
432,https://www.laendleimmo.at/immobilien/wohnung/dachgeschosswohnung/wien/21-bez-floridsdorf/170672?searchPageNumber=29
433,https://www.laendleimmo.at/immobilien/wohnung/dachgeschosswohnung/wien/21-bez-floridsdorf/170670?searchPageNumber=29
434,https://www.laendleimmo.at/immobilien/wohnung/allgemein/wien/21-bez-floridsdorf/170667?searchPageNumber=29
435,https://www.laendleimmo.at/immobilien/wohnung/allgemein/vorarlberg/dornbirn/170662?searchPageNumber=30
436,https://www.laendleimmo.at/immobilien/wohnung/allgemein/vorarlberg/bregenz/170654?searchPageNumber=30
437,https://www.laendleimmo.at/immobilien/wohnung/allgemein/wien/21-bez-floridsdorf/170653?searchPageNumber=30
438,https://www.laendleimmo.at/immobilien/wohnung/allgemein/vorarlberg/bludenz/170299?searchPageNumber=30
439,https://www.laendleimmo.at/immobilien/wohnung/allgemein/vorarlberg/bludenz/169851?searchPageNumber=30
440,https://www.laendleimmo.at/immobilien/wohnung/allgemein/vorarlberg/feldkirch/170280?searchPageNumber=30
441,https://www.laendleimmo.at/immobilien/wohnung/allgemein/vorarlberg/feldkirch/170277?searchPageNumber=30
442,https://www.laendleimmo.at/immobilien/wohnung/allgemein/vorarlberg/feldkirch/170271?searchPageNumber=30
443,https://www.laendleimmo.at/immobilien/wohnung/allgemein/vorarlberg/bregenz/168987?searchPageNumber=30
444,https://www.laendleimmo.at/immobilien/wohnung/allgemein/vorarlberg/bludenz/169846?searchPageNumber=30
445,https://www.laendleimmo.at/immobilien/wohnung/allgemein/vorarlberg/feldkirch/155304?searchPageNumber=30
446,https://www.laendleimmo.at/immobilien/wohnung/allgemein/vorarlberg/dornbirn/168008?searchPageNumber=30
447,https://www.laendleimmo.at/immobilien/wohnung/allgemein/vorarlberg/feldkirch/167740?searchPageNumber=30
448,https://www.laendleimmo.at/immobilien/wohnung/allgemein/vorarlberg/feldkirch/169458?searchPageNumber=30
449,https://www.laendleimmo.at/immobilien/wohnung/allgemein/vorarlberg/dornbirn/169058?searchPageNumber=30
450,https://www.laendleimmo.at/immobilien/wohnung/allgemein/vorarlberg/dornbirn/169057?searchPageNumber=31
451,https://www.laendleimmo.at/immobilien/wohnung/allgemein/vorarlberg/bludenz/162968?searchPageNumber=31
452,https://www.laendleimmo.at/immobilien/wohnung/allgemein/vorarlberg/bludenz/162969?searchPageNumber=31
453,https://www.laendleimmo.at/immobilien/wohnung/allgemein/vorarlberg/feldkirch/164215?searchPageNumber=31
454,https://www.laendleimmo.at/immobilien/wohnung/allgemein/vorarlberg/bregenz/148900?searchPageNumber=31
455,https://www.laendleimmo.at/immobilien/wohnung/allgemein/vorarlberg/dornbirn/168260?searchPageNumber=31
456,https://www.laendleimmo.at/immobilien/wohnung/allgemein/vorarlberg/feldkirch/167514?searchPageNumber=31
457,https://www.laendleimmo.at/immobilien/wohnung/allgemein/vorarlberg/bregenz/168009?searchPageNumber=31
458,https://www.laendleimmo.at/immobilien/wohnung/allgemein/vorarlberg/bludenz/132620?searchPageNumber=31
459,https://www.laendleimmo.at/immobilien/wohnung/allgemein/vorarlberg/feldkirch/167921?searchPageNumber=31
460,https://www.laendleimmo.at/immobilien/wohnung/allgemein/vorarlberg/bregenz/167567?searchPageNumber=31
461,https://www.laendleimmo.at/immobilien/wohnung/allgemein/vorarlberg/bludenz/165892?searchPageNumber=31
462,https://www.laendleimmo.at/immobilien/wohnung/allgemein/vorarlberg/dornbirn/167064?searchPageNumber=31
463,https://www.laendleimmo.at/immobilien/wohnung/loft/vorarlberg/dornbirn/167019?searchPageNumber=31
464,https://www.laendleimmo.at/immobilien/wohnung/allgemein/vorarlberg/dornbirn/166761?searchPageNumber=31
465,https://www.laendleimmo.at/immobilien/wohnung/allgemein/vorarlberg/feldkirch/166494?searchPageNumber=32
466,https://www.laendleimmo.at/immobilien/wohnung/allgemein/vorarlberg/feldkirch/165950?searchPageNumber=32
467,https://www.laendleimmo.at/immobilien/wohnung/allgemein/vorarlberg/dornbirn/165945?searchPageNumber=32
468,https://www.laendleimmo.at/immobilien/wohnung/penthousewohnung/vorarlberg/dornbirn/165538?searchPageNumber=32
469,https://www.laendleimmo.at/immobilien/wohnung/allgemein/vorarlberg/dornbirn/156427?searchPageNumber=32
470,https://www.laendleimmo.at/immobilien/wohnung/allgemein/vorarlberg/dornbirn/156426?searchPageNumber=32
471,https://www.laendleimmo.at/immobilien/wohnung/allgemein/vorarlberg/dornbirn/160804?searchPageNumber=32
472,https://www.laendleimmo.at/immobilien/wohnung/allgemein/vorarlberg/dornbirn/165188?searchPageNumber=32
473,https://www.laendleimmo.at/immobilien/wohnung/allgemein/vorarlberg/feldkirch/164787?searchPageNumber=32
474,https://www.laendleimmo.at/immobilien/wohnung/allgemein/vorarlberg/bregenz/164018?searchPageNumber=32
475,https://www.laendleimmo.at/immobilien/wohnung/allgemein/vorarlberg/bregenz/161806?searchPageNumber=32
476,https://www.laendleimmo.at/immobilien/wohnung/dachgeschosswohnung/vorarlberg/feldkirch/162601?searchPageNumber=32
477,https://www.laendleimmo.at/immobilien/wohnung/terrassenwohnung/vorarlberg/dornbirn/161347?searchPageNumber=32
478,https://www.laendleimmo.at/immobilien/wohnung/allgemein/vorarlberg/bregenz/159353?searchPageNumber=32
479,https://www.laendleimmo.at/immobilien/wohnung/allgemein/vorarlberg/bludenz/152286?searchPageNumber=32
